[
{ "_id": "A101", "title": "Propulsion Assignment", "course": "RS101" , "marks": 100 , "availDate" : "2024-05-06" , "availTime": "00:00", "dueDate" : "2024-05-13", "dueTime" : "23:59", "desc" : "Rockets Science", "display" : "Percentage", "submission" : "Online", "assign" : "Everyone", "group" : "ASSIGNMENT"},
{ "_id": "A102", "title": "Combustion Analysis", "course": "RS101" , "marks": 100 , "availDate" : "2024-05-13" , "availTime": "00:00", "dueDate" : "2024-05-20", "dueTime" : "23:59", "desc" : "Rockets Science", "display" : "Percentage", "submission" : "Online", "assign" : "Everyone", "group" : "ASSIGNMENT"},
{ "_id": "A103", "title": "Nozzle Design Project", "course": "RS101" , "marks": 100 , "availDate" : "2024-05-20" , "availTime": "00:00", "dueDate" : "2024-05-27", "dueTime" : "23:59", "desc" : "Rockets Science", "display" : "Percentage", "submission" : "Online", "assign" : "Everyone", "group" : "ASSIGNMENT"},
{ "_id": "A201", "title": "Aerodynamics Quiz", "course": "RS102" , "marks": 100 , "availDate" : "2024-05-06" , "availTime": "00:00", "dueDate" : "2024-05-13", "dueTime" : "23:59", "desc" : "Rockets Science", "display" : "Percentage", "submission" : "Online", "assign" : "Everyone", "group" : "ASSIGNMENT"},
{ "_id": "A202", "title": "Flow Analysis", "course": "RS102" , "marks": 100 , "availDate" : "2024-05-06" , "availTime": "00:00", "dueDate" : "2024-05-13", "dueTime" : "23:59", "desc" : "Rockets Science", "display" : "Percentage", "submission" : "Online", "assign" : "Everyone", "group" : "ASSIGNMENT"},
{ "_id": "A203", "title": "Heating Analysis", "course": "RS102" , "marks": 100 , "availDate" : "2024-05-06" , "availTime": "00:00", "dueDate" : "2024-05-13", "dueTime" : "23:59", "desc" : "Rockets Science", "display" : "Percentage", "submission" : "Online", "assign" : "Everyone", "group" : "ASSIGNMENT"},
{ "_id": "A301", "title": "Structural Design Task", "course": "RS103" , "marks": 100 , "availDate" : "2024-05-06" , "availTime": "00:00", "dueDate" : "2024-05-13", "dueTime" : "23:59", "desc" : "Rockets Science", "display" : "Percentage", "submission" : "Online", "assign" : "Everyone", "group" : "ASSIGNMENT"},
{ "_id": "A302", "title": "Orbital Calculations", "course": "RS103" , "marks": 100 , "availDate" : "2024-05-06" , "availTime": "00:00", "dueDate" : "2024-05-13", "dueTime" : "23:59", "desc" : "Rockets Science", "display" : "Percentage", "submission" : "Online", "assign" : "Everyone", "group" : "ASSIGNMENT"},
{ "_id": "A303", "title": "Systems Engineering Exam", "course": "RS103" , "marks": 100 , "availDate" : "2024-05-06" , "availTime": "00:00", "dueDate" : "2024-05-13", "dueTime" : "23:59", "desc" : "Rockets Science", "display" : "Percentage", "submission" : "Online", "assign" : "Everyone", "group" : "ASSIGNMENT"}
]